metric,value
RMSE,18537.634240
R2,-4656412.643469
